dt,pos_maxdiff
1.0e-03,0.000000000
1.0e-04,0.000000000
1.0e-05,0.000000000
1.0e-06,0.000000000
1.0e-07,0.000000000
1.0e-08,0.000000000
